title,company,location,link
Junior Software Developer,Fehu Software Devlopment,"Los Angeles, CA",https://www.indeed.com/viewjob?jk=d78439ee20cee9bb&from=web&vjs=3
Full Stack Software Engineer,Retail Aware,"Omaha, NE",https://www.indeed.com/viewjob?jk=71cd70c44e37d677&from=web&vjs=3
Python Developer,"Shinetech Software, Inc.","Los Angeles, CA",https://www.indeed.com/viewjob?jk=f945a5c3f37ff67f&from=web&vjs=3
Entry Level Python Developer / Jr. Python Developer,Dash Technologies Inc,"Atlanta, GA",https://www.indeed.com/viewjob?jk=853434eba822cb97&from=web&vjs=3
Python Developer,MockMyData,"Omaha, NE",https://www.indeed.com/viewjob?jk=87200e73a32c1223&from=web&vjs=3
DevOps resources with AWS/Python,ustring solutions,"Rochester, MN",https://www.indeed.com/viewjob?jk=ab548ded5da76d3e&from=web&vjs=3
Mainframe Programmer with JCL experience,Softnice,"Omaha, NE",https://www.indeed.com/viewjob?jk=3ff2f68d0ba44066&from=web&vjs=3
Entry Level Python Developer / Jr. Python Developer,KesarWeb,"Tampa, FL",https://www.indeed.com/viewjob?jk=eb7d1fc677d4c565&from=web&vjs=3
Entry-Level Python Programmer,Layla Grayce,"Lawrence, KS",https://www.indeed.com/viewjob?jk=5cc2ae6f5ac86621&from=web&vjs=3
Intern,HCL America Inc,"Redmond, WA",https://www.indeed.com/viewjob?jk=ed8181172c71e9ba&from=web&vjs=3
Python Developer,Infotech Cogent,"Saline, MI",https://www.indeed.com/viewjob?jk=8cceffb4b3b0f81f&from=web&vjs=3
SQL Developer,ZealNine,"Irving, TX",https://www.indeed.com/viewjob?jk=37caff06fba5cbf2&from=web&vjs=3
Software Engineer I - Python,Jamf,"Eau Claire, WI",https://www.indeed.com/viewjob?jk=d80039cddad0879b&from=web&vjs=3
Data Scientist,"Growers Edge Financial, Inc.","Johnston, IA",https://www.indeed.com/viewjob?jk=57e882b81b40b7ab&from=web&vjs=3
Jr. Python Developer (100% Remote),RGAL,"North Chicago, IL",https://www.indeed.com/viewjob?jk=7be3c16b7d8ab181&from=web&vjs=3
Software Applications Developer,Woodland Scenics,"Linn Creek, MO",https://www.indeed.com/viewjob?jk=5d920c797133200a&from=web&vjs=3
Junior Software Developer,Fehu Software Devlopment,"Los Angeles, CA",https://www.indeed.com/viewjob?jk=d78439ee20cee9bb&from=web&vjs=3
Full Stack Software Engineer,Retail Aware,"Omaha, NE",https://www.indeed.com/viewjob?jk=71cd70c44e37d677&from=web&vjs=3
Senior Network Systems Engineer,IT Solutions,"North Liberty, IA",https://www.indeed.com/viewjob?jk=84f0f8485cfabe0d&from=web&vjs=3
Python Developer,Systemonex INC,"New York, NY",https://www.indeed.com/viewjob?jk=261a6748688d29d6&from=web&vjs=3
Python engineers - FTE Remote opp. at Microbiome research tech firm !,Infraspace Technology Corp.,"Saint Paul, MN",https://www.indeed.com/viewjob?jk=987dc8018a8e8190&from=web&vjs=3
Full-Time Opportunities for Students or Recent Graduates: Finance Rotation Program Analyst,Microsoft,"Redmond, WA",https://www.indeed.com/viewjob?jk=1bb9177b40f90043&from=web&vjs=3
Project Assistant,USC,"Marina del Rey, CA",https://www.indeed.com/viewjob?jk=80e82e3ac9b0ec70&from=web&vjs=3
Associate Data Analyst,Uplight,"Boulder, CO",https://www.indeed.com/viewjob?jk=6c41a35f5849af7b&from=web&vjs=3
AWS/ Python Engineer,Ksquare Solutions INC.,"Kansas City, MO",https://www.indeed.com/viewjob?jk=9832a0bdd3e59edb&from=web&vjs=3
Python Engineer,TrailStone Group,"Austin, TX",https://www.indeed.com/viewjob?jk=316cc3e85c4fe583&from=web&vjs=3
Python/Django Developer,Peopleforce INC,"New York, NY",https://www.indeed.com/viewjob?jk=f5b201127eda529e&from=web&vjs=3
Python Engineer (All Levels),Flashpoint,New York State,https://www.indeed.com/viewjob?jk=5f4b7ed5dba1cb4e&from=web&vjs=3
Python Developer with AWS,IT America,"Richmond, VA",https://www.indeed.com/viewjob?jk=c5cbcd16b4a9bd2c&from=web&vjs=3
Senior Python Developer with SQL,DataAxxis,"Chicago, IL",https://www.indeed.com/viewjob?jk=1085fb3c7a541837&from=web&vjs=3
Python Developer,Genus PLC,"DeForest, WI",https://www.indeed.com/viewjob?jk=1d5226abbc74bbab&from=web&vjs=3
Intern,HCL America Inc,"Redmond, WA",https://www.indeed.com/viewjob?jk=ed8181172c71e9ba&from=web&vjs=3
Python Developer in Financial (Rem0te),PRIMESOFT INC,"New York, NY",https://www.indeed.com/viewjob?jk=b9d29033cf7bdf9e&from=web&vjs=3
Web Developer,"CGSmith.net, LLC","Mukwonago, WI",https://www.indeed.com/viewjob?jk=0656ab7e350e0ef6&from=web&vjs=3
Senior Python Developer,Gallup,"Omaha, NE",https://www.indeed.com/viewjob?jk=9c2805aa5a8b6104&from=web&vjs=3
"Analyst - SQL, Python, SAS, R - Need US Citizen or GC Holder",Sreyo Inc,"New York, NY",https://www.indeed.com/viewjob?jk=2ab3b4c20cba37bd&from=web&vjs=3
Python Developer,TraxRetail,"Lawrenceville, GA",https://www.indeed.com/viewjob?jk=61c234a6930eb14a&from=web&vjs=3
AWS Python Engineer with containers,ConglomerateIT,"Reston, VA",https://www.indeed.com/viewjob?jk=1795c608e00c7e41&from=web&vjs=3
Test Software Developer (Python),Averna Test Systems,"Sunnyvale, CA",https://www.indeed.com/viewjob?jk=4c454352c4f915fa&from=web&vjs=3
Junior Data Scientist,Dash Technologies Inc,"Columbus, OH",https://www.indeed.com/viewjob?jk=82db1fc602dee391&from=web&vjs=3
Python Developer,vts,"Pittsburgh, PA",https://www.indeed.com/viewjob?jk=38eb03e1c68a22ae&from=web&vjs=3
Python Developer,iknowvate technologies,"Cleveland, OH",https://www.indeed.com/viewjob?jk=554fc016a6ba65ab&from=web&vjs=3
Freelance Technical Writer,Compose.ly,Remote,https://www.indeed.com/viewjob?jk=bca4fd0d4a6525b0&from=web&vjs=3
Software Developer Intern - Python/Java,Experian,"San Diego, CA",https://www.indeed.com/viewjob?jk=2c05c4d8f7035d29&from=web&vjs=3
Python Developer,"Shinetech Software, Inc.","Los Angeles, CA",https://www.indeed.com/viewjob?jk=f945a5c3f37ff67f&from=web&vjs=3
Python Developer with Front end development,Peopleforce INC,"New York, NY",https://www.indeed.com/viewjob?jk=c43b5994cf78e06f&from=web&vjs=3
Data Analyst,Imperfect Foods,Remote,https://www.indeed.com/viewjob?jk=271cc9467034ed11&from=web&vjs=3
Online Scratch/Python Remote Instructor,Nature Preschool Center,"Austin, TX",https://www.indeed.com/viewjob?jk=59e416d9f51c747f&from=web&vjs=3
Entry Level - Full stack developer / Junior Full stack developer,KesarWeb,"Columbus, OH",https://www.indeed.com/viewjob?jk=0dcb66b217b784e1&from=web&vjs=3
Customer Lifecycle Analyst,Crawford Group,"Western, NE",https://www.indeed.com/viewjob?jk=e0eeb447f1ea96bd&from=web&vjs=3
PYTHON SOFTWARE ENGINEER-DEEP LEARNING,InspiHER Tech,United States,https://www.indeed.com/viewjob?jk=3dd6c509667887e7&from=web&vjs=3
Software Engineer - Python,"Dycom Industries, Inc.",Remote,https://www.indeed.com/viewjob?jk=d5d15273ac64aecc&from=web&vjs=3
Java / Python Tutors,"SAM Consulting Services, Inc.","New York, NY",https://www.indeed.com/viewjob?jk=6dd414e5bf2653aa&from=web&vjs=3
SOAR Developer,Optiv,"Denver, CO",https://www.indeed.com/viewjob?jk=9a6dc10ad7624051&from=web&vjs=3
082: Python/SQL Developer,Dataspace,"Detroit, MI",https://www.indeed.com/viewjob?jk=d483fbb64440b7e7&from=web&vjs=3
Junior Developer - Python,Akuna Capital,"Chicago, IL",https://www.indeed.com/viewjob?jk=0b2c553a665c7d64&from=web&vjs=3
Developer Python,DataLab USA,"Germantown, MD",https://www.indeed.com/viewjob?jk=a75af21c55e4ed4c&from=web&vjs=3
Junior Python/API Developer,8KMiles Software Services Ltd,"Bridgeport, CT",https://www.indeed.com/viewjob?jk=9e17f24e79309f63&from=web&vjs=3
OpenAI Scholars Program: Fall 2020,OpenAI,"San Francisco, CA",https://www.indeed.com/viewjob?jk=685b49e4930a9842&from=web&vjs=3
Business Analyst,Brainjolt,Remote,https://www.indeed.com/viewjob?jk=9029f4ad7d7565a2&from=web&vjs=3
Data Schema Intern,InnovateEDU,"Brooklyn, NY",https://www.indeed.com/viewjob?jk=78c67309a7789283&from=web&vjs=3
Data Scientist,Wonderlic,"Vernon Hills, IL",https://www.indeed.com/viewjob?jk=84a59898c967cacd&from=web&vjs=3
Data Scientist - Climate Analytics,McKinsey & Company,"Denver, CO",https://www.indeed.com/viewjob?jk=4b67cfa6a980e336&from=web&vjs=3
Python architect,Applabsystems,Remote,https://www.indeed.com/viewjob?jk=b0ac29b178a1e7e7&from=web&vjs=3
Data Scientist,Doelsoft,"Redmond, WA",https://www.indeed.com/viewjob?jk=43d62fcad1529b50&from=web&vjs=3
BI Developer,Yield Solutions Group LLC,"Denver, CO",https://www.indeed.com/viewjob?jk=13a97f80fd3c72b4&from=web&vjs=3
Vietnamese Language Expert M723,Anzu Global,United States,https://www.indeed.com/viewjob?jk=efb5326235f59f5f&from=web&vjs=3
Data Analyst,"Waitr, Inc.",Louisiana,https://www.indeed.com/viewjob?jk=6c918fabf01411a9&from=web&vjs=3
Atmospheric Scientist,SAIC,"Omaha, NE",https://www.indeed.com/viewjob?jk=21cae0105a1d31a9&from=web&vjs=3
"Financial Analyst, Americas Customer Service",Amazon.com Services LLC,Remote,https://www.indeed.com/viewjob?jk=76c31489f5fd00a2&from=web&vjs=3
Linux Systems Administrator,AE Business Solutions,"Madison, WI",https://www.indeed.com/viewjob?jk=8679fc1e5eb6e81f&from=web&vjs=3
Python Developer,"Shinetech Software, Inc.","Los Angeles, CA",https://www.indeed.com/viewjob?jk=f945a5c3f37ff67f&from=web&vjs=3
Computer Coding Instructor for Kids! Must LOVE Kids & Coding!,The Coder School,"Alpharetta, GA",https://www.indeed.com/viewjob?jk=e2c1cd6bf8833e1f&from=web&vjs=3
Senior Python Developer,eMoney Advisor,Remote,https://www.indeed.com/viewjob?jk=b59a2281d58eefdf&from=web&vjs=3
Software Developer,Maxus33,"Omaha, NE",https://www.indeed.com/viewjob?jk=a3e5e3373563c9f5&from=web&vjs=3
"Data Scientist, Job Ref #: 455550",PK,"Omaha, NE",https://www.indeed.com/viewjob?jk=763d1a74da8f6faa&from=web&vjs=3
Hybrid DevOps Engineer with Java/Python Coding,CompGain LLC,"Rockville, MD",https://www.indeed.com/viewjob?jk=eaa90539d1ce65c3&from=web&vjs=3
Data Governance Analyst,Indeed,"Austin, TX",https://www.indeed.com/viewjob?jk=01e8b0fba90e836e&from=web&vjs=3
Python Developer,HARAMAIN SYSTEMS INC.,"Sacramento, CA",https://www.indeed.com/viewjob?jk=9058a5d0120b269d&from=web&vjs=3
Python Developer Trainee,Cndro,"Houston, TX",https://www.indeed.com/viewjob?jk=0cf2026f52be6bc9&from=web&vjs=3
Full Time Opportunities for Students or Recent Graduates: Data & Applied Sciences,Microsoft,"Redmond, WA",https://www.indeed.com/viewjob?jk=11baba484db23433&from=web&vjs=3
Manual Test Engineer,ASRC Federal Holding Company,"Fort Collins, CO",https://www.indeed.com/viewjob?jk=5bc5516984fdd913&from=web&vjs=3
Devops- Python/ React/ CI/ Jenkins,Zenaide,"Santa Clara, CA",https://www.indeed.com/viewjob?jk=18c26d1727704706&from=web&vjs=3
Music Composer,Gearbox Software,"Frisco, TX",https://www.indeed.com/viewjob?jk=e0120791fafd200d&from=web&vjs=3
Data Test Engineer (Python/Data/SQL),CompGain LLC,"Rockville, MD",https://www.indeed.com/viewjob?jk=1cedf104980aa19a&from=web&vjs=3
Scratch/Python virtual class instructor(Education experience preferred),Magikid,United States,https://www.indeed.com/viewjob?jk=bef7f4e565b9f15c&from=web&vjs=3
DevOps Intern,Jelecos,"Omaha, NE",https://www.indeed.com/viewjob?jk=97e6cb4be469aa6a&from=web&vjs=3
"Python Software Analyst, Autopilot",Tesla,"Palo Alto, CA",https://www.indeed.com/viewjob?jk=adb0d40a26bd49da&from=web&vjs=3
BI Developer,Yield Solutions Group LLC,"Denver, CO",https://www.indeed.com/viewjob?jk=92c49eb24e929344&from=web&vjs=3
Senior Network Systems Engineer,IT Solutions,"North Liberty, IA",https://www.indeed.com/viewjob?jk=84f0f8485cfabe0d&from=web&vjs=3
CNO Developer (C++ and Python),ManTech International Corporation,"Aurora, CO",https://www.indeed.com/viewjob?jk=de6ed36d5fcaf43a&from=web&vjs=3
Full Stack Software Engineer,Retail Aware,"Omaha, NE",https://www.indeed.com/viewjob?jk=71cd70c44e37d677&from=web&vjs=3
Senior Embedded Engineer,AGI Suretrack,"Kansas City, MO",https://www.indeed.com/viewjob?jk=490a2918304fe01a&from=web&vjs=3
Software Applications Developer,Woodland Scenics,"Linn Creek, MO",https://www.indeed.com/viewjob?jk=5d920c797133200a&from=web&vjs=3
Senior Python Developer,eMoney Advisor,Remote,https://www.indeed.com/viewjob?jk=b59a2281d58eefdf&from=web&vjs=3
Junior Quant,Dexterity Capital,Remote,https://www.indeed.com/viewjob?jk=e1a750ccc83bd177&from=web&vjs=3
Workforce Analyst,"GreenSky Administrative Services, LLC","Crestview Hills, KY",https://www.indeed.com/viewjob?jk=d191c4e4d8f48a1b&from=web&vjs=3
Python Developer,Callsign Media,"Las Vegas, NV",https://www.indeed.com/viewjob?jk=345e22ca6e583be5&from=web&vjs=3
Data Analyst,ChowNow,"Los Angeles, CA",https://www.indeed.com/viewjob?jk=35efc23f08386df5&from=web&vjs=3
Python Developer,Sreyo Inc,"Morrisville, NC",https://www.indeed.com/viewjob?jk=df9b06ae15f40143&from=web&vjs=3
Software Engineer – API,Galileo Financial Technologies,"Seattle, WA",https://www.indeed.com/viewjob?jk=ef327f2f4c7a9fe0&from=web&vjs=3
Data Engineer (Remote),Icon Fitness,"Logan, UT",https://www.indeed.com/viewjob?jk=3af203f634dfa6a7&from=web&vjs=3
Associate Analyst - Analytics,Barkley,"Kansas City, MO",https://www.indeed.com/viewjob?jk=c35a96cc304ce5ff&from=web&vjs=3
Business Intelligence Analyst,"Sandhills Global, Inc.","Lincoln, NE",https://www.indeed.com/viewjob?jk=34fbca0f6ffd02fb&from=web&vjs=3
Python Developer,CAPCO,"New York, NY",https://www.indeed.com/viewjob?jk=ff6aa54312d72b56&from=web&vjs=3
Full Stack Developer,The Finders,"Sioux, IA",https://www.indeed.com/viewjob?jk=48d64aac98b6a4b6&from=web&vjs=3
Software Engineer - University Graduate,PayPal,"Omaha, NE",https://www.indeed.com/viewjob?jk=20e18ebd87faafdc&from=web&vjs=3
Behavioral Scientist - SMB,Indeed,"Austin, TX",https://www.indeed.com/viewjob?jk=cc36bc2820086fec&from=web&vjs=3
Student Relation Manager,Coding Temple,"Chicago, IL",https://www.indeed.com/viewjob?jk=db304753140709b7&from=web&vjs=3
PYTHON DEVELOPER,Pythonwise,"Seattle, WA",https://www.indeed.com/viewjob?jk=1a20a1c56fb7df73&from=web&vjs=3
Jr. Software Developer,Prudent Technology and Services LLC,"Virginia, MN",https://www.indeed.com/viewjob?jk=c62eaf3df861d9b3&from=web&vjs=3
Operations Technology Associate,HelloFresh,"New York, NY",https://www.indeed.com/viewjob?jk=d42115e49f15abba&from=web&vjs=3
"MACHINE LEARNING ENGINEER - PYTHON, TENSORFLOW",InspiHER Tech,United States,https://www.indeed.com/viewjob?jk=a754b1fae51c41d2&from=web&vjs=3
"Software Engineer, University Grad",Facebook,"Los Angeles, CA",https://www.indeed.com/viewjob?jk=ac8c8e4cd7932e29&from=web&vjs=3
Software Engineer Quality Assurance,Direct Commerce Group,"Chicago, IL",https://www.indeed.com/viewjob?jk=14e0a64056f3514a&from=web&vjs=3
Full Stack Developer,William Myers Group,"Birmingham, AL",https://www.indeed.com/viewjob?jk=51d4c0a5e7dd808f&from=web&vjs=3
Python Developer (AWS),BTree Solutions Inc,"Reston, VA",https://www.indeed.com/viewjob?jk=5452962c2f0c1c73&from=web&vjs=3
SOFTWARE ENGINEER (ENTRY-LEVEL),Bongo,"Loveland, CO",https://www.indeed.com/viewjob?jk=a0cff02a018273c8&from=web&vjs=3
Linux with Python Scripting,Nivid Technologies,"Richardson, TX",https://www.indeed.com/viewjob?jk=84fea15ba64180d7&from=web&vjs=3
Python Developer,Highbrow Technologies,"Bellevue, WA",https://www.indeed.com/viewjob?jk=70912d7ae92ee088&from=web&vjs=3
Turkish Linguist M722,Anzu Global,United States,https://www.indeed.com/viewjob?jk=a16d6b4c2f366268&from=web&vjs=3
Financial Analyst,SABRE Analysis,"Orlando, FL",https://www.indeed.com/viewjob?jk=dfa934b81f43a345&from=web&vjs=3
Junior Python Developer,GTS,"New York, NY",https://www.indeed.com/viewjob?jk=f8f068da6dd93fa6&from=web&vjs=3
Developer Intern,Federal Merchants Corp,"Indianapolis, IN",https://www.indeed.com/viewjob?jk=f65e558533f91f71&from=web&vjs=3
Product Quality Scientist,Golden Helix Inc,"Bozeman, MT",https://www.indeed.com/viewjob?jk=e050885140395e2f&from=web&vjs=3
Associate Scientist I/II - Climate Impact and Snow Modeling,University Corporation for Atmospheric Research,"Boulder, CO",https://www.indeed.com/viewjob?jk=2bdc9059ff11eb3f&from=web&vjs=3
Data Scientist,CollegeVine,Remote,https://www.indeed.com/viewjob?jk=dc3427856fb6c5e2&from=web&vjs=3
Associate Scientist- Quantitative Statistical Ecologist,Provivi,Remote,https://www.indeed.com/viewjob?jk=28f8f31a7032d0d9&from=web&vjs=3
Python Consultant,RiVi Consulting Group,"Boston, MA",https://www.indeed.com/viewjob?jk=1c0806013059ddd1&from=web&vjs=3
AWS developer with Python,ConglomerateIT,"Reston, VA",https://www.indeed.com/viewjob?jk=f890226d95e20612&from=web&vjs=3
Data Analyst (Remote),Research Square,"Durham, NC",https://www.indeed.com/viewjob?jk=13ee2ea102f6e449&from=web&vjs=3
Software Developer,ARYSE,"Lincoln, NE",https://www.indeed.com/viewjob?jk=490f8ba337034b42&from=web&vjs=3
Python Developer,Technamo LLC,"Washington, DC",https://www.indeed.com/viewjob?jk=df94aeb8f4f998b7&from=web&vjs=3
STUDENT WORKER - Web / Database Developer,University of Nebraska at Omaha,"Omaha, NE",https://www.indeed.com/viewjob?jk=71501144541ce463&from=web&vjs=3
Junior Java or Python Developer/SDET,eTouch A Virtusa Co.,"Mountain View, CA",https://www.indeed.com/viewjob?jk=f58dae93f0958357&from=web&vjs=3
IT Associate,Community Outreach Group,"Washington, DC",https://www.indeed.com/viewjob?jk=b28658332688afc5&from=web&vjs=3
Sr. Scientist,Cargill,"Fort Collins, CO",https://www.indeed.com/viewjob?jk=22ecedd23c45d244&from=web&vjs=3
Data Analyst,Brickred,"Redmond, WA",https://www.indeed.com/viewjob?jk=1b9da82202f32218&from=web&vjs=3
GFC&CP Program Reporting Manager,PayPal,"Omaha, NE",https://www.indeed.com/viewjob?jk=0d18fc0829121f4c&from=web&vjs=3
Python Developer (Fullstack),Konviere Corporation,"Leawood, KS",https://www.indeed.com/viewjob?jk=213ef23aef1e09fd&from=web&vjs=3
"Officer, Analytics",Bank OZK,"Dallas, TX",https://www.indeed.com/viewjob?jk=004e4ba768dd3185&from=web&vjs=3
Entry-level Software Engineer,HUVR,"Austin, TX",https://www.indeed.com/viewjob?jk=446ae33f885f9e28&from=web&vjs=3
Python eTrading Developer,Citi,"Houston, TX",https://www.indeed.com/viewjob?jk=e936601c3a8fef0f&from=web&vjs=3
Data Associate,Evalueserve,"New York, NY",https://www.indeed.com/viewjob?jk=25a921630db1e9a4&from=web&vjs=3
"Analyst, Sales & Delivery Operations",Tesla,"Fremont, CA",https://www.indeed.com/viewjob?jk=e355a6f52ac5a773&from=web&vjs=3
Python Developer,"Shinetech Software, Inc.","Los Angeles, CA",https://www.indeed.com/viewjob?jk=f945a5c3f37ff67f&from=web&vjs=3
Python Developer,Systemonex INC,"New York, NY",https://www.indeed.com/viewjob?jk=261a6748688d29d6&from=web&vjs=3
Junior Software Developer,Fehu Software Devlopment,"Los Angeles, CA",https://www.indeed.com/viewjob?jk=d78439ee20cee9bb&from=web&vjs=3
Data Analyst,PerBlue,"Madison, WI",https://www.indeed.com/viewjob?jk=abc8f92d6e398b7d&from=web&vjs=3
Developer - Python Django,Energy Sense Finance,"Tampa, FL",https://www.indeed.com/viewjob?jk=213f60ab30d8eece&from=web&vjs=3
Software Engineering Internship,Apple,"Santa Clara Valley, CA",https://www.indeed.com/viewjob?jk=6f4667b07ff6b946&from=web&vjs=3
Web Development Fellow (remote),New American Economy,"New York, NY",https://www.indeed.com/viewjob?jk=be3de39311fbb486&from=web&vjs=3
Data Analyst,Imperfect Foods,Remote,https://www.indeed.com/viewjob?jk=271cc9467034ed11&from=web&vjs=3
Software Engineer,Triplebyte,"New York, NY",https://www.indeed.com/viewjob?jk=53d69a790878a469&from=web&vjs=3
Python Engineer,TrailStone Group,"Austin, TX",https://www.indeed.com/viewjob?jk=316cc3e85c4fe583&from=web&vjs=3
Python Developer with AWS,IT America,"Richmond, VA",https://www.indeed.com/viewjob?jk=c5cbcd16b4a9bd2c&from=web&vjs=3
Senior Python Developer,Gallup,"Omaha, NE",https://www.indeed.com/viewjob?jk=9c2805aa5a8b6104&from=web&vjs=3
Full Stack Software Engineer,backstitch,"Kansas City, MO",https://www.indeed.com/viewjob?jk=c5a8a5728e1773e9&from=web&vjs=3
AWS/ Python Engineer,Ksquare Solutions INC.,"Kansas City, MO",https://www.indeed.com/viewjob?jk=9832a0bdd3e59edb&from=web&vjs=3
Freelance Technical Writer,Compose.ly,Remote,https://www.indeed.com/viewjob?jk=bca4fd0d4a6525b0&from=web&vjs=3
Senior Python Developer with SQL,DataAxxis,"Chicago, IL",https://www.indeed.com/viewjob?jk=1085fb3c7a541837&from=web&vjs=3
"Analyst - SQL, Python, SAS, R - Need US Citizen or GC Holder",Sreyo Inc,"New York, NY",https://www.indeed.com/viewjob?jk=2ab3b4c20cba37bd&from=web&vjs=3
Python/Django Developer,Peopleforce INC,"New York, NY",https://www.indeed.com/viewjob?jk=f5b201127eda529e&from=web&vjs=3
Python Developer in Financial (Rem0te),PRIMESOFT INC,"New York, NY",https://www.indeed.com/viewjob?jk=b9d29033cf7bdf9e&from=web&vjs=3
Web Development Fellow (remote),New American Economy,"New York, NY",https://www.indeed.com/viewjob?jk=be3de39311fbb486&from=web&vjs=3
"Financial Analyst, Americas Customer Service",Amazon.com Services LLC,Remote,https://www.indeed.com/viewjob?jk=76c31489f5fd00a2&from=web&vjs=3
Python Engineer (All Levels),Flashpoint,New York State,https://www.indeed.com/viewjob?jk=5f4b7ed5dba1cb4e&from=web&vjs=3
Developer Python,DataLab USA,"Germantown, MD",https://www.indeed.com/viewjob?jk=a75af21c55e4ed4c&from=web&vjs=3
Test Software Developer (Python),Averna Test Systems,"Sunnyvale, CA",https://www.indeed.com/viewjob?jk=4c454352c4f915fa&from=web&vjs=3
Data Warehouse Engineer,Indeed,"Austin, TX",https://www.indeed.com/viewjob?jk=2f23bf800cc7d631&from=web&vjs=3
Software Engineer,Triplebyte,"New York, NY",https://www.indeed.com/viewjob?jk=53d69a790878a469&from=web&vjs=3
Conversion Developer CIS,"Tyler Technologies, Inc.","Sioux Falls, SD",https://www.indeed.com/viewjob?jk=f1f8faa9db18f643&from=web&vjs=3
Data Analyst,"Edison Software, Inc.","Denver, CO",https://www.indeed.com/viewjob?jk=456f70ef6098a12c&from=web&vjs=3
Associate Data Analyst,Uplight,"Boulder, CO",https://www.indeed.com/viewjob?jk=6c41a35f5849af7b&from=web&vjs=3
Data Analyst,Mentor Collective,"Atlanta, GA",https://www.indeed.com/viewjob?jk=f625f42a870f4fec&from=web&vjs=3
Project Assistant,USC,"Marina del Rey, CA",https://www.indeed.com/viewjob?jk=80e82e3ac9b0ec70&from=web&vjs=3
Full Stack Software Engineer,backstitch,"Kansas City, MO",https://www.indeed.com/viewjob?jk=c5a8a5728e1773e9&from=web&vjs=3
Consulting Professors,Saylor Academy,Remote,https://www.indeed.com/viewjob?jk=edb0eb6a7ba31772&from=web&vjs=3
Paid Internship - PHP/MySQL Full-Stack Software Developer,DataOne,"Beverly, MA",https://www.indeed.com/viewjob?jk=0c4d0555e742819e&from=web&vjs=3
Business Intelligence Analyst,Payability,"New York, NY",https://www.indeed.com/viewjob?jk=60a602c691a27a58&from=web&vjs=3
Python Developer – US,Perceptive Analytics,"Houston, TX",https://www.indeed.com/viewjob?jk=91b1d510b7398376&from=web&vjs=3
Scientific Analytical Support,U.S. Environmental Protection Agency (EPA),"Cincinnati, OH",https://www.indeed.com/viewjob?jk=ce2e6c563d26b436&from=web&vjs=3
Software Engineer Intern,OffWeGo,"Washington, DC",https://www.indeed.com/viewjob?jk=8567dd958a0c1504&from=web&vjs=3
Senior Python Software Engineer,IdeasJam,Remote,https://www.indeed.com/viewjob?jk=64c100036816dd4f&from=web&vjs=3
Software Engineer (All Levels),"Datawire, Inc.","Portland, OR",https://www.indeed.com/viewjob?jk=e63847f7e6b32f41&from=web&vjs=3
Quantitative Analyst,Encortex LLC,"Boston, MA",https://www.indeed.com/viewjob?jk=30faad8a9f7a19b2&from=web&vjs=3
Python Back End Engineer (Remote-Brazil),Loadsmart,"Brazil, IN",https://www.indeed.com/viewjob?jk=59429dd06c9b2b45&from=web&vjs=3
Software - Fullstack Engineering Internship (Fall 2020),Tesla,"Palo Alto, CA",https://www.indeed.com/viewjob?jk=9ebd2fc2f28ec7cd&from=web&vjs=3
Machine Learning Engineer,Proxet,"Boston, MA",https://www.indeed.com/viewjob?jk=d49de74ae29c73d5&from=web&vjs=3
Data Analyst,SABRE Analysis,"Orlando, FL",https://www.indeed.com/viewjob?jk=e98c3ac48d5a63e3&from=web&vjs=3
Data Scientist - New College Grad,Proofpoint,"Sunnyvale, CA",https://www.indeed.com/viewjob?jk=186d2aa111994946&from=web&vjs=3
Data Analyst - Greater Boston,OGC Global,Remote,https://www.indeed.com/viewjob?jk=9fd31b4b5af92db1&from=web&vjs=3
Vulnerability Assessment Analyst,Netskope,"Omaha, NE",https://www.indeed.com/viewjob?jk=3b6bd4bccfce5a8c&from=web&vjs=3
IT Specialist (Cybersecurity) - NASA Pathways Recent Graduate Program,US National Aeronautics and Space Administration,"Moffett Field, CA",https://www.indeed.com/viewjob?jk=0afb92c2a4ae22d5&from=web&vjs=3
Analytics Engineer,Loom,"San Francisco, CA",https://www.indeed.com/viewjob?jk=eda32b0e7ac38fb9&from=web&vjs=3
Animator (Contract),Carbonated Games,Remote,https://www.indeed.com/viewjob?jk=98fce25ef31442bf&from=web&vjs=3
Asset Allocation Analyst,Global Atlantic Financial Group Opportunities,"New York, NY",https://www.indeed.com/viewjob?jk=b5745e4df9524729&from=web&vjs=3
Business Analyst,Vivint Smart Home,"Provo, UT",https://www.indeed.com/viewjob?jk=c04ca0f935dac9a4&from=web&vjs=3
Support,RStudio,United States,https://www.indeed.com/viewjob?jk=2c26339484d5141f&from=web&vjs=3
"Analyst, Application Support",VillageMD,"Chicago, IL",https://www.indeed.com/viewjob?jk=4e3d6948cfe5a052&from=web&vjs=3
Software QA Intern (Remote Fall 2020 - 6 month Internship),"Dolby Laboratories, Inc.","Sunnyvale, CA",https://www.indeed.com/viewjob?jk=894b55e3a9d1e177&from=web&vjs=3
Data Governance Analyst,Indeed,"Austin, TX",https://www.indeed.com/viewjob?jk=01e8b0fba90e836e&from=web&vjs=3
QA Engineer,Mondo,"Houston, TX",https://www.indeed.com/viewjob?jk=54eedae1b31adb05&from=web&vjs=3
Contract Data Analyst,Delphi Behavioral Health Group LLC,"Fort Lauderdale, FL",https://www.indeed.com/viewjob?jk=f6026c0fba3166e4&from=web&vjs=3
Online Research Librarian,U.S. Environmental Protection Agency (EPA),"Research Triangle Park, NC",https://www.indeed.com/viewjob?jk=b703253670d2a319&from=web&vjs=3
Systems Analyst,IPG - Sage,"Irvine, CA",https://www.indeed.com/viewjob?jk=58df19d66f1f6efa&from=web&vjs=3
Python Developer,Edify Technologies,"Richmond, VA",https://www.indeed.com/viewjob?jk=252cf835e336e5bf&from=web&vjs=3
Paid Software Engineering Internship (Must also apply at mealme.ai/careers),"MealMe, Inc.","Boston, MA",https://www.indeed.com/viewjob?jk=32cc291e8f2e21f6&from=web&vjs=3
Sr Java + Python Developer,Publicis Sapient,"New York, NY",https://www.indeed.com/viewjob?jk=b09761bf7df7b7c6&from=web&vjs=3
Business Intelligence Developer,Crown Equipment Corporation,"New Bremen, OH",https://www.indeed.com/viewjob?jk=9b789a02f22582e5&from=web&vjs=3
Python Developer,HCL America Inc,"San Jose, CA",https://www.indeed.com/viewjob?jk=9b68252160700101&from=web&vjs=3
BI Report Developer (Remote),Augusto Digital,"Grand Rapids, MI",https://www.indeed.com/viewjob?jk=afceb4396df5347d&from=web&vjs=3
Data 2 the People 2020 Election Fellow,Data 2 the People,Remote,https://www.indeed.com/viewjob?jk=96f1bfae409289b1&from=web&vjs=3
Part-Time Economic Analyst/Editors,Utofun Inc.,"New York, NY",https://www.indeed.com/viewjob?jk=4f4522efb5690232&from=web&vjs=3
Actuarial Solutions Architect,P3,"West Des Moines, IA",https://www.indeed.com/viewjob?jk=d6e5e93d36673693&from=web&vjs=3
Python Developer,Q2ebanking,"Austin, TX",https://www.indeed.com/viewjob?jk=329db2c3f4fcc26c&from=web&vjs=3
Python Developer,CitiusTech,"Denver, CO",https://www.indeed.com/viewjob?jk=7737bce62e7c58e0&from=web&vjs=3
Data Analyst,Democratic National Committee,Remote,https://www.indeed.com/viewjob?jk=d99449e57b14d0a8&from=web&vjs=3
Sr. Behavioral Research Scientist,Amazon.com Services LLC,Remote,https://www.indeed.com/viewjob?jk=7834c2abd7a6407c&from=web&vjs=3
Python Test Automation Engineer,SAC Inc,"Dallas-Fort Worth, TX",https://www.indeed.com/viewjob?jk=0938b37da6ec5408&from=web&vjs=3
Software Engineer,OpenPlay,"Santa Monica, CA",https://www.indeed.com/viewjob?jk=126629d25cffe161&from=web&vjs=3
Oracle DBA,ITCON Services,"Washington, DC",https://www.indeed.com/viewjob?jk=38d274377bf4be54&from=web&vjs=3
Web Application Engineering Intern (Remote Fall 2020),"Dolby Laboratories, Inc.","Sunnyvale, CA",https://www.indeed.com/viewjob?jk=a75e86168299d13e&from=web&vjs=3
Python Developer,Data Inc.,"Jersey City, NJ",https://www.indeed.com/viewjob?jk=50b894eb671ec5f7&from=web&vjs=3
"Software Dev INTERN C++/python - 3D GUI, or computer vision/ML/DL - Sept",CharacterFaceGen CFG,"New York, NY",https://www.indeed.com/viewjob?jk=9a4a857f7a443d52&from=web&vjs=3
Software Engineer (Remote from these cities),Resiliency LLC,"Washington, NC",https://www.indeed.com/viewjob?jk=f432bcd9c6cc96b5&from=web&vjs=3
Entry Level Data Analyst,Hopjump,"Boston, MA",https://www.indeed.com/viewjob?jk=2532431132ffbda1&from=web&vjs=3
Business Intelligence Engineer,Pinterest,"San Francisco, CA",https://www.indeed.com/viewjob?jk=9a31e7da2bbeaec8&from=web&vjs=3
Python Developer,"Shinetech Software, Inc.","Los Angeles, CA",https://www.indeed.com/viewjob?jk=f945a5c3f37ff67f&from=web&vjs=3
Senior Network Systems Engineer,IT Solutions,"North Liberty, IA",https://www.indeed.com/viewjob?jk=84f0f8485cfabe0d&from=web&vjs=3
Software Applications Developer,Woodland Scenics,"Linn Creek, MO",https://www.indeed.com/viewjob?jk=5d920c797133200a&from=web&vjs=3
Senior Python Developer,eMoney Advisor,Remote,https://www.indeed.com/viewjob?jk=b59a2281d58eefdf&from=web&vjs=3
CNO Developer (C++ and Python),ManTech International Corporation,"Aurora, CO",https://www.indeed.com/viewjob?jk=de6ed36d5fcaf43a&from=web&vjs=3
Python Developer,Systemonex INC,"New York, NY",https://www.indeed.com/viewjob?jk=261a6748688d29d6&from=web&vjs=3
Full Stack Software Engineer,Retail Aware,"Omaha, NE",https://www.indeed.com/viewjob?jk=71cd70c44e37d677&from=web&vjs=3
Senior Embedded Engineer,AGI Suretrack,"Kansas City, MO",https://www.indeed.com/viewjob?jk=490a2918304fe01a&from=web&vjs=3
Junior Software Developer,Fehu Software Devlopment,"Los Angeles, CA",https://www.indeed.com/viewjob?jk=d78439ee20cee9bb&from=web&vjs=3
Developer Python,DataLab USA,"Germantown, MD",https://www.indeed.com/viewjob?jk=a75af21c55e4ed4c&from=web&vjs=3
Junior Python/API Developer,8KMiles Software Services Ltd,"Bridgeport, CT",https://www.indeed.com/viewjob?jk=9e17f24e79309f63&from=web&vjs=3
OpenAI Scholars Program: Fall 2020,OpenAI,"San Francisco, CA",https://www.indeed.com/viewjob?jk=685b49e4930a9842&from=web&vjs=3
Business Analyst,Brainjolt,Remote,https://www.indeed.com/viewjob?jk=9029f4ad7d7565a2&from=web&vjs=3
Data Schema Intern,InnovateEDU,"Brooklyn, NY",https://www.indeed.com/viewjob?jk=78c67309a7789283&from=web&vjs=3
Data Analyst,The Voter Participation Center / Center for Voter Information,"Washington, DC",https://www.indeed.com/viewjob?jk=0b99c5995e656f3f&from=web&vjs=3
Data Scientist,Wonderlic,"Vernon Hills, IL",https://www.indeed.com/viewjob?jk=84a59898c967cacd&from=web&vjs=3
Data Scientist - Climate Analytics,McKinsey & Company,"Denver, CO",https://www.indeed.com/viewjob?jk=4b67cfa6a980e336&from=web&vjs=3
Python architect,Applabsystems,Remote,https://www.indeed.com/viewjob?jk=b0ac29b178a1e7e7&from=web&vjs=3
Data Scientist,Doelsoft,"Redmond, WA",https://www.indeed.com/viewjob?jk=43d62fcad1529b50&from=web&vjs=3
BI Developer,Yield Solutions Group LLC,"Denver, CO",https://www.indeed.com/viewjob?jk=13a97f80fd3c72b4&from=web&vjs=3
Vietnamese Language Expert M723,Anzu Global,United States,https://www.indeed.com/viewjob?jk=efb5326235f59f5f&from=web&vjs=3
Data Analyst,"Waitr, Inc.",Louisiana,https://www.indeed.com/viewjob?jk=6c918fabf01411a9&from=web&vjs=3
Atmospheric Scientist,SAIC,"Omaha, NE",https://www.indeed.com/viewjob?jk=21cae0105a1d31a9&from=web&vjs=3
"Financial Analyst, Americas Customer Service",Amazon.com Services LLC,Remote,https://www.indeed.com/viewjob?jk=76c31489f5fd00a2&from=web&vjs=3
Junior Software Developer,Fehu Software Devlopment,"Los Angeles, CA",https://www.indeed.com/viewjob?jk=d78439ee20cee9bb&from=web&vjs=3
Python Developer,CSS-Tec Inc.,"Alpharetta, GA",https://www.indeed.com/viewjob?jk=a85b1a7a962933d8&from=web&vjs=3
Python Developer,i3infotek,"Dallas, TX",https://www.indeed.com/viewjob?jk=abcd3d0be6a4ec94&from=web&vjs=3
Python Developer,intellectt,"Dallas, TX",https://www.indeed.com/viewjob?jk=da757cb41e877825&from=web&vjs=3
Business Intelligence Engineer,Pinterest,"San Francisco, CA",https://www.indeed.com/viewjob?jk=9a31e7da2bbeaec8&from=web&vjs=3
Postdoc in nanoscale magneto-optical imaging,University of Nebraska-Lincoln,"Lincoln, NE",https://www.indeed.com/viewjob?jk=897e2e5caa9b172a&from=web&vjs=3
Software Quality Assurance Specialist,Raptor Maps,"Somerville, MA",https://www.indeed.com/viewjob?jk=5190f34688a07e2f&from=web&vjs=3
QA Engineer,Kitcheck,"Washington, DC",https://www.indeed.com/viewjob?jk=dbf0a7abfc9b472e&from=web&vjs=3
Python IIOT Software Developer,Automation Intellect,"Charlotte, NC",https://www.indeed.com/viewjob?jk=d1bc3837bdffb1da&from=web&vjs=3
Alteryx Developer,Data Meaning,"Nashville, TN",https://www.indeed.com/viewjob?jk=13a0d2bc60c9acf2&from=web&vjs=3
.Net Developer with RPA experience,Cyberthink,"Dallas, TX",https://www.indeed.com/viewjob?jk=4a6d260332b5ed73&from=web&vjs=3
Pandemic & Longevity Modeler,AIR,"Boston, MA",https://www.indeed.com/viewjob?jk=6228ddb691746146&from=web&vjs=3
Software Engineer (Remote from these cities),Resiliency LLC,"Washington, NC",https://www.indeed.com/viewjob?jk=f432bcd9c6cc96b5&from=web&vjs=3
"Analyst, Casino",FanDuel,"Los Angeles, CA",https://www.indeed.com/viewjob?jk=fa682a530ce95fd1&from=web&vjs=3
"SQA-Lafayette, IN-Capgemini",ASAP Solutions,"Lafayette, IN",https://www.indeed.com/viewjob?jk=2fb62a84be133437&from=web&vjs=3
Federal - Entry Level Digital (Salesforce) New Associate,Accenture,"San Antonio, TX",https://www.indeed.com/viewjob?jk=81de0a10f75f997e&from=web&vjs=3
Animator (Contract),Carbonated Games,Remote,https://www.indeed.com/viewjob?jk=98fce25ef31442bf&from=web&vjs=3
Analytics Engineer,Loom,"San Francisco, CA",https://www.indeed.com/viewjob?jk=eda32b0e7ac38fb9&from=web&vjs=3
SQL Database Administrator,"BH Management Services, LLC","Dallas, TX",https://www.indeed.com/viewjob?jk=b1ca18b6e99c7a31&from=web&vjs=3
Data Scientist,CalypsoWay,"Portland, OR",https://www.indeed.com/viewjob?jk=2cb59eb58cf16a79&from=web&vjs=3
Software Engineer I,Bank of America,"New York, NY",https://www.indeed.com/viewjob?jk=6c45accfd2bdbdc8&from=web&vjs=3
CONTRACT - Business Intelligence Analyst,Uptake,Illinois,https://www.indeed.com/viewjob?jk=1d672f96d0899df7&from=web&vjs=3
Data Technician (Full- or Part-Time),Thasos Group,"New York, NY",https://www.indeed.com/viewjob?jk=da727c0cddda240e&from=web&vjs=3
Python Framework Developer,HCL America Inc,"Austin, TX",https://www.indeed.com/viewjob?jk=6b2f175deb4cbdc6&from=web&vjs=3
Software Developer,Gokronos,"Dallas, TX",https://www.indeed.com/viewjob?jk=705fee590f462ee4&from=web&vjs=3
Wireless Quantitative Data Analyst,Apple,"Santa Clara Valley, CA",https://www.indeed.com/viewjob?jk=80b56881c4e0d4ed&from=web&vjs=3
Software Engineer,Gain Compliance,"Des Moines, IA",https://www.indeed.com/viewjob?jk=57ef357072f3ba0c&from=web&vjs=3
Data Science Intern,Goodyear,"Akron, OH",https://www.indeed.com/viewjob?jk=e23ac702c0e5a791&from=web&vjs=3
"Demand Planner, Energy Service",Tesla,"Sparks, NV",https://www.indeed.com/viewjob?jk=cb4f1a78c2304691&from=web&vjs=3
Junior Developer,Capstone,"New York, NY",https://www.indeed.com/viewjob?jk=933776e143a848c2&from=web&vjs=3
Java/DevOps - Ansible/Python/Shell Scripting,GSB,"Silicon Valley, CA",https://www.indeed.com/viewjob?jk=81840c1103e51bed&from=web&vjs=3
Senior Business Analyst,HomeAdvisor & Angie's List,"Denver, CO",https://www.indeed.com/viewjob?jk=69c4f4c8f4251729&from=web&vjs=3
Antenna OTA Test Engineer,Tesla,"Fremont, CA",https://www.indeed.com/viewjob?jk=4ca949c26ff6b2df&from=web&vjs=3
Automation Analyst,Tesla,"Las Vegas, NV",https://www.indeed.com/viewjob?jk=1e03a43d9daacd5e&from=web&vjs=3
Security Engineer - Application Security,Indeed,"Austin, TX",https://www.indeed.com/viewjob?jk=7c94e56f886eb74c&from=web&vjs=3
Data Analyst,Democratic National Committee,Remote,https://www.indeed.com/viewjob?jk=d99449e57b14d0a8&from=web&vjs=3
Test Engineer,Duke University,"Durham, NC",https://www.indeed.com/viewjob?jk=b07323edb83c7736&from=web&vjs=3
Database Analyst,"Newfields Mining & Energy Services, LLC","Missoula, MT",https://www.indeed.com/viewjob?jk=728015a85bea0384&from=web&vjs=3
Python Django Backend Specialist,Bixly Inc,"Fresno, CA",https://www.indeed.com/viewjob?jk=5e3872b48d0c1128&from=web&vjs=3
BI Report Developer (Remote),Augusto Digital,"Grand Rapids, MI",https://www.indeed.com/viewjob?jk=afceb4396df5347d&from=web&vjs=3
"Risk Analyst, Rule Writing",Facebook,"Austin, TX",https://www.indeed.com/viewjob?jk=bba99095feacd03e&from=web&vjs=3
Data Analyst,CoverMyMeds,"Columbus, OH",https://www.indeed.com/viewjob?jk=903d44b738d9963a&from=web&vjs=3
Data Engineer,Ken Info Systems,"Portland, OR",https://www.indeed.com/viewjob?jk=33132b41a079ba0f&from=web&vjs=3
Entry Level - Associate Data Scientist,IBM,United States,https://www.indeed.com/viewjob?jk=ea78d3941ea548cc&from=web&vjs=3
Data Scientist,Getac Video Solutions,"Bloomington, MN",https://www.indeed.com/viewjob?jk=2ec4b16080b418d2&from=web&vjs=3
Python Developer,Convene Technologies,"San Antonio, TX",https://www.indeed.com/viewjob?jk=6a6c78dd7aff6791&from=web&vjs=3
Web Application Engineering Intern (Remote Fall 2020),"Dolby Laboratories, Inc.","Sunnyvale, CA",https://www.indeed.com/viewjob?jk=a75e86168299d13e&from=web&vjs=3
QA Engineer- Python (No C2C),Techpoint LLC,"Rockville, MD",https://www.indeed.com/viewjob?jk=78128ac5713d3a9c&from=web&vjs=3
Software Developer,Completeful,"Lafayette, LA",https://www.indeed.com/viewjob?jk=1ef527850a613888&from=web&vjs=3
Full-Scale Web Designer,"X Technologies, Inc.","Offutt AFB, NE",https://www.indeed.com/viewjob?jk=d5445c8f9b4c5a5b&from=web&vjs=3
Entry Level Associate Analyst,"Innovative Decisions, Inc.","Vienna, VA",https://www.indeed.com/viewjob?jk=c1d87588aa697f32&from=web&vjs=3
Python Developer,"Shinetech Software, Inc.","Los Angeles, CA",https://www.indeed.com/viewjob?jk=f945a5c3f37ff67f&from=web&vjs=3
Senior Network Systems Engineer,IT Solutions,"North Liberty, IA",https://www.indeed.com/viewjob?jk=84f0f8485cfabe0d&from=web&vjs=3
Senior Python Developer,eMoney Advisor,Remote,https://www.indeed.com/viewjob?jk=b59a2281d58eefdf&from=web&vjs=3
CNO Developer (C++ and Python),ManTech International Corporation,"Aurora, CO",https://www.indeed.com/viewjob?jk=de6ed36d5fcaf43a&from=web&vjs=3
Python Developer,Systemonex INC,"New York, NY",https://www.indeed.com/viewjob?jk=261a6748688d29d6&from=web&vjs=3
Senior Embedded Engineer,AGI Suretrack,"Kansas City, MO",https://www.indeed.com/viewjob?jk=490a2918304fe01a&from=web&vjs=3
Software Applications Developer,Woodland Scenics,"Linn Creek, MO",https://www.indeed.com/viewjob?jk=5d920c797133200a&from=web&vjs=3
Full Stack Software Engineer,Retail Aware,"Omaha, NE",https://www.indeed.com/viewjob?jk=71cd70c44e37d677&from=web&vjs=3
C & Python/Cyber Capability Development Instructor,COLSA,"Fort Gordon, GA",https://www.indeed.com/viewjob?jk=8ceb406eaa43b65d&from=web&vjs=3
Data Schema Intern,InnovateEDU,"Brooklyn, NY",https://www.indeed.com/viewjob?jk=78c67309a7789283&from=web&vjs=3
Part-Time IT Help Desk Technician,Firespring,"Omaha, NE",https://www.indeed.com/viewjob?jk=5f9f2da9bdb8f33d&from=web&vjs=3
Atmospheric Scientist,SAIC,"Omaha, NE",https://www.indeed.com/viewjob?jk=21cae0105a1d31a9&from=web&vjs=3
Entry Level - Full stack developer / Junior Full stack developer,KesarWeb,"Columbus, OH",https://www.indeed.com/viewjob?jk=0dcb66b217b784e1&from=web&vjs=3
Data Scientist,CollegeVine,Remote,https://www.indeed.com/viewjob?jk=dc3427856fb6c5e2&from=web&vjs=3
ETL with Python developer,Vertex IT Services,"Englewood, CO",https://www.indeed.com/viewjob?jk=3646d8cd292ad2d4&from=web&vjs=3
"Software Engineer, University Grad",Facebook,"Los Angeles, CA",https://www.indeed.com/viewjob?jk=ac8c8e4cd7932e29&from=web&vjs=3
Python Developer,Hash Technologies,"Chicago, IL",https://www.indeed.com/viewjob?jk=bd98658310493e0c&from=web&vjs=3
Women Internship Program,L&T Infotech,"Tampa, FL",https://www.indeed.com/viewjob?jk=9ddf6363412eb100&from=web&vjs=3
SQL Developer,Match Inc,"Plano, TX",https://www.indeed.com/viewjob?jk=68d26826849343dc&from=web&vjs=3
PYTHON DEVELOPER,Pythonwise,"Seattle, WA",https://www.indeed.com/viewjob?jk=1a20a1c56fb7df73&from=web&vjs=3
Data Engineer,Aunalytics,"South Bend, IN",https://www.indeed.com/viewjob?jk=cfbaf7fd0df1d05d&from=web&vjs=3
BI Developer,Yield Solutions Group LLC,"Denver, CO",https://www.indeed.com/viewjob?jk=13a97f80fd3c72b4&from=web&vjs=3
IT Internship,NPower,"New York, NY",https://www.indeed.com/viewjob?jk=fae3bf7adc86ea00&from=web&vjs=3
"Sr, Python Engineer ( SDET)",Gocool Inc,"Nashville, TN",https://www.indeed.com/viewjob?jk=b271f911b7ca9bb3&from=web&vjs=3
Python Developer,Coveted Solutions,"Charlotte, NC",https://www.indeed.com/viewjob?jk=6f7e1c32ab8770c0&from=web&vjs=3
Jr. Software Developer in Test,Otus,"Chicago, IL",https://www.indeed.com/viewjob?jk=a4c637a0b012a263&from=web&vjs=3
Fullstack Engineer,Postscript,"Chicago, IL",https://www.indeed.com/viewjob?jk=f953344759606199&from=web&vjs=3
Risk Analyst,The Newberry Group,"Kansas City, MO",https://www.indeed.com/viewjob?jk=e28c9b2c3aaac75e&from=web&vjs=3
Entry Level - Full stack developer / Junior Full stack developer,Dash Technologies Inc,"San Jose, CA",https://www.indeed.com/viewjob?jk=c8c528471edd5fce&from=web&vjs=3
Facility Security Officer (FSO),Skyward Federal LLC,"Washington, DC",https://www.indeed.com/viewjob?jk=fca2eabd25723fc6&from=web&vjs=3
Data Engineer,Aunalytics,"South Bend, IN",https://www.indeed.com/viewjob?jk=cfbaf7fd0df1d05d&from=web&vjs=3
IT Internship,NPower,"New York, NY",https://www.indeed.com/viewjob?jk=fae3bf7adc86ea00&from=web&vjs=3
Python & Infrastructure Developer,Phrasee,Remote,https://www.indeed.com/viewjob?jk=c24cd253a1ca330e&from=web&vjs=3
Advanced Analytics Intern,Rapid7,"Boston, MA",https://www.indeed.com/viewjob?jk=ae2309ea6bd82f3d&from=web&vjs=3
"Junior Software Engineer (Remote, USA, Full-Time)",4 Mile Analytics,Remote,https://www.indeed.com/viewjob?jk=d9fd8018aa106b06&from=web&vjs=3
Software Engineer,"Utilidata, Inc.","Providence, RI",https://www.indeed.com/viewjob?jk=2f978886eb4612f1&from=web&vjs=3
C & Python/Cyber Capability Development Instructor,COLSA,"Fort Gordon, GA",https://www.indeed.com/viewjob?jk=8ceb406eaa43b65d&from=web&vjs=3
Computer Vision Engineer,Imidex,"Denver, CO",https://www.indeed.com/viewjob?jk=1164d3d8f7679a8c&from=web&vjs=3
Software Engineer,"Utilidata, Inc.","Providence, RI",https://www.indeed.com/viewjob?jk=2f978886eb4612f1&from=web&vjs=3
Data Engineer,Aunalytics,"South Bend, IN",https://www.indeed.com/viewjob?jk=cfbaf7fd0df1d05d&from=web&vjs=3
C & Python/Cyber Capability Development Instructor,COLSA,"Fort Gordon, GA",https://www.indeed.com/viewjob?jk=8ceb406eaa43b65d&from=web&vjs=3
Computer Vision Engineer,Imidex,"Denver, CO",https://www.indeed.com/viewjob?jk=1164d3d8f7679a8c&from=web&vjs=3
Software Engineer - Junior (C++/Python),Boston Dynamics,"Waltham, MA",https://www.indeed.com/viewjob?jk=0fb17bc73ff9274f&from=web&vjs=3
Manual Triage Tester,Virtusa,"Fremont, CA",https://www.indeed.com/viewjob?jk=c4c42a03eb44dbf1&from=web&vjs=3
Junior Data Developer,Vanderbilt University Medical Center,"Nashville, TN",https://www.indeed.com/viewjob?jk=42b7f4f347e67c9a&from=web&vjs=3
Data Analyst - News and Production,Lee Enterprises,"Davenport, IA",https://www.indeed.com/viewjob?jk=728af19b50a6e8e4&from=web&vjs=3
Data Analytics Intern,FortuneTimes Group,"New York, NY",https://www.indeed.com/viewjob?jk=d9706260cc829483&from=web&vjs=3
Junior Quant,Dexterity Capital,Remote,https://www.indeed.com/viewjob?jk=e1a750ccc83bd177&from=web&vjs=3
Workforce Analyst,"GreenSky Administrative Services, LLC","Crestview Hills, KY",https://www.indeed.com/viewjob?jk=d191c4e4d8f48a1b&from=web&vjs=3
Python Developer,Callsign Media,"Las Vegas, NV",https://www.indeed.com/viewjob?jk=345e22ca6e583be5&from=web&vjs=3
Data Analyst,ChowNow,"Los Angeles, CA",https://www.indeed.com/viewjob?jk=35efc23f08386df5&from=web&vjs=3
Python Developer,Sreyo Inc,"Morrisville, NC",https://www.indeed.com/viewjob?jk=df9b06ae15f40143&from=web&vjs=3
Software Engineer – API,Galileo Financial Technologies,"Seattle, WA",https://www.indeed.com/viewjob?jk=ef327f2f4c7a9fe0&from=web&vjs=3
Quality Assurance Engineer,ComResource,"Columbus, OH",https://www.indeed.com/viewjob?jk=fffcc379e039ab42&from=web&vjs=3
Statistical Data Scientist,ETA,"Dearborn, MI",https://www.indeed.com/viewjob?jk=ecb744cdc0bd9d72&from=web&vjs=3
Data Engineer,ADT Security Services,"Irving, TX",https://www.indeed.com/viewjob?jk=5bf23c65df2783aa&from=web&vjs=3
Systems Engineer,"Amazon Web Services, Inc.",Remote,https://www.indeed.com/viewjob?jk=888d9e99856a5e2a&from=web&vjs=3
Data Analyst,EverlyWell,"Austin, TX",https://www.indeed.com/viewjob?jk=405ee10f9a70ff4a&from=web&vjs=3
"Customer Support, Level 1 (East Coast)",Algolia,Remote,https://www.indeed.com/viewjob?jk=4f0533220e2fd370&from=web&vjs=3
Django / Python Developer For Digital Advertising Platform,Digittopia,"San Diego, CA",https://www.indeed.com/viewjob?jk=45369aea30f30dc0&from=web&vjs=3
Software Tester,Aquaveo,"Provo, UT",https://www.indeed.com/viewjob?jk=577229a58ba01f33&from=web&vjs=3
Junior Web Developer,HealPay,"Ann Arbor, MI",https://www.indeed.com/viewjob?jk=707bef3d865041ae&from=web&vjs=3
Machine Learning Internship,Percolata Corporation,"Palo Alto, CA",https://www.indeed.com/viewjob?jk=4916db701447e286&from=web&vjs=3
Hybrid DevOps Engineer with Java/Python Coding,CompGain LLC,"Rockville, MD",https://www.indeed.com/viewjob?jk=eaa90539d1ce65c3&from=web&vjs=3
Data Analyst (Service),FCP Euro,"Milford, CT",https://www.indeed.com/viewjob?jk=fee38cfab7339039&from=web&vjs=3
Account Executive,Kite,"San Francisco, CA",https://www.indeed.com/viewjob?jk=71cb7c7807696361&from=web&vjs=3
Junior Front End / Full Stack Software Engineer,Plectica,"New York, NY",https://www.indeed.com/viewjob?jk=168a00aa137f6f7f&from=web&vjs=3
Entry-Level Geologist / Groundwater Modeler,Geosyntec Consultants,"Kennesaw, GA",https://www.indeed.com/viewjob?jk=f51d45903b1250df&from=web&vjs=3
Hadoop Developer,Brevco Services,"Baton Rouge, LA",https://www.indeed.com/viewjob?jk=9f0435027542c4c3&from=web&vjs=3
Sr. Behavioral Research Scientist,Amazon.com Services LLC,Remote,https://www.indeed.com/viewjob?jk=7834c2abd7a6407c&from=web&vjs=3
Senior Data Engineer,Mprogen Systems,"Dallas, TX",https://www.indeed.com/viewjob?jk=2ce6470c267ec65a&from=web&vjs=3
Software Engineer - Python,ConsumerAffairs,"Tulsa, OK",https://www.indeed.com/viewjob?jk=8022c7e089ae8bc9&from=web&vjs=3
Python Developer,SelectMinds,"Miami, FL",https://www.indeed.com/viewjob?jk=bdeaf012405e3212&from=web&vjs=3
Oracle Database & Forms Engineer,CareDx,"Omaha, NE",https://www.indeed.com/viewjob?jk=430a1b6df905cbfc&from=web&vjs=3
VP Dat Scien&Analy Off SWHRCIN,Texas Health Resources,"Dallas, TX",https://www.indeed.com/viewjob?jk=9209c19ba81dabf0&from=web&vjs=3
Software Engineer,SmartThings,"New York, NY",https://www.indeed.com/viewjob?jk=17001b9127a84eee&from=web&vjs=3
Data Scientist,Energy Sense Finance,"Tampa, FL",https://www.indeed.com/viewjob?jk=0421ac22a7ffdd5d&from=web&vjs=3
Software Engineer,Shipt,"Birmingham, AL",https://www.indeed.com/viewjob?jk=f75d359ad9c6e2e5&from=web&vjs=3
Software Engineer II - Python,HEB,"San Antonio, TX",https://www.indeed.com/viewjob?jk=05bd40d52d654243&from=web&vjs=3
Database Administrator,ReCharge Payments,Utah,https://www.indeed.com/viewjob?jk=ba54d3811d98db00&from=web&vjs=3
Data Scientist I,Caterpillar,Remote,https://www.indeed.com/viewjob?jk=e84639b084d42faa&from=web&vjs=3
Data Analyst,Protect Democracy,Remote,https://www.indeed.com/viewjob?jk=229b01b4b85c1308&from=web&vjs=3
Federal - Entry Level Digital (Salesforce) Platform Associate,Accenture,"San Antonio, TX",https://www.indeed.com/viewjob?jk=880b747c111c2d7c&from=web&vjs=3
Seasoned Full Stack Engineer,MotoRefi,"Denver, CO",https://www.indeed.com/viewjob?jk=1bfd54406efebadc&from=web&vjs=3
Modeling Analyst,GEICO,"Chevy Chase, MD",https://www.indeed.com/viewjob?jk=8d8e3c048ce41aba&from=web&vjs=3
Operations Data Analyst,Shutterfly,"Fort Mill, SC",https://www.indeed.com/viewjob?jk=5d71ada244b805a1&from=web&vjs=3
Support Engineer II,Amazon.com Services LLC,"Goodyear, AZ",https://www.indeed.com/viewjob?jk=4a391c374b845d3f&from=web&vjs=3
Agency RMBS Quantitative Analyst,London Stock Exchange Group,"New York, NY",https://www.indeed.com/viewjob?jk=6354f2f7ed613529&from=web&vjs=3
Quant Research Intern (Summer 2021),IMC Financial Markets,"Chicago, IL",https://www.indeed.com/viewjob?jk=d7007d3716738693&from=web&vjs=3
Software Engineer,Swift Health Systems Inc.,"Irvine, CA",https://www.indeed.com/viewjob?jk=c0abe15389779068&from=web&vjs=3
Python Software Developer,Perpetual,"New York, NY",https://www.indeed.com/viewjob?jk=e98ece4acc0f8241&from=web&vjs=3
Tech Support Tier 2 Specialist,Tesla,"Las Vegas, NV",https://www.indeed.com/viewjob?jk=5cb6b60e77d3b876&from=web&vjs=3
Python разработчик,WaveAccess,United States,https://www.indeed.com/viewjob?jk=d6df26980f5d9a81&from=web&vjs=3
Planisware Support Analyst,Maine Technology Users Group,"Waterville, ME",https://www.indeed.com/viewjob?jk=b35fc57954a83051&from=web&vjs=3
Land Change Scientist,ASRC Federal Holding Company,"Sioux Falls, SD",https://www.indeed.com/viewjob?jk=da60712a98311055&from=web&vjs=3
Business Data Analyst,PlushCare,"San Francisco, CA",https://www.indeed.com/viewjob?jk=2d183e44f1dc105f&from=web&vjs=3
Content Manager - Africa,Tesla Government,"Vienna, VA",https://www.indeed.com/viewjob?jk=e2dde528b3f43901&from=web&vjs=3
Open Source Software Engineer - Python Agent Team,New Relic,"Portland, OR",https://www.indeed.com/viewjob?jk=eca2c43f3ae379eb&from=web&vjs=3
Full Stack Developers,PredICT Interactive,"Wichita, KS",https://www.indeed.com/viewjob?jk=4dd163ff5b77d479&from=web&vjs=3
Data Scientist,NBCUniversal,"Seattle, WA",https://www.indeed.com/viewjob?jk=3f5759ee098e925a&from=web&vjs=3
"Fall 2020 Internship, Analytics",ACLU - Internships,"New York, NY",https://www.indeed.com/viewjob?jk=fa8aa96a3ffa18f1&from=web&vjs=3
Jr. Trading & Operations Associate,Artemis Capital Management,"Austin, TX",https://www.indeed.com/viewjob?jk=bb5ff629d6a25bb5&from=web&vjs=3
Data Integration Developer (Python),Blast Analytics & Marketing,Remote,https://www.indeed.com/viewjob?jk=8b956641e11b77df&from=web&vjs=3
Python Developer,Systemonex INC,"New York, NY",https://www.indeed.com/viewjob?jk=261a6748688d29d6&from=web&vjs=3
OCR Programmer,"Fulfillment Distribution Center, Inc.","Saint Cloud, MN",https://www.indeed.com/viewjob?jk=5358950b7214e694&from=web&vjs=3
Senior Network Systems Engineer,IT Solutions,"North Liberty, IA",https://www.indeed.com/viewjob?jk=84f0f8485cfabe0d&from=web&vjs=3
Senior Python Developer,eMoney Advisor,Remote,https://www.indeed.com/viewjob?jk=b59a2281d58eefdf&from=web&vjs=3
CNO Developer (C++ and Python),ManTech International Corporation,"Aurora, CO",https://www.indeed.com/viewjob?jk=de6ed36d5fcaf43a&from=web&vjs=3
Full Stack Software Engineer,Retail Aware,"Omaha, NE",https://www.indeed.com/viewjob?jk=71cd70c44e37d677&from=web&vjs=3
Senior Embedded Engineer,AGI Suretrack,"Kansas City, MO",https://www.indeed.com/viewjob?jk=490a2918304fe01a&from=web&vjs=3
Software Applications Developer,Woodland Scenics,"Linn Creek, MO",https://www.indeed.com/viewjob?jk=5d920c797133200a&from=web&vjs=3
Junior Software Developer,Fehu Software Devlopment,"Los Angeles, CA",https://www.indeed.com/viewjob?jk=d78439ee20cee9bb&from=web&vjs=3
SOFTWARE ENGINEER (ENTRY-LEVEL),Bongo,"Loveland, CO",https://www.indeed.com/viewjob?jk=a0cff02a018273c8&from=web&vjs=3
DOMO data scientist,Blue Hen Capital Growth,"Austin, TX",https://www.indeed.com/viewjob?jk=315abf55a1a89110&from=web&vjs=3
Linux with Python Scripting,Nivid Technologies,"Richardson, TX",https://www.indeed.com/viewjob?jk=84fea15ba64180d7&from=web&vjs=3
Python Developer,Highbrow Technologies,"Bellevue, WA",https://www.indeed.com/viewjob?jk=70912d7ae92ee088&from=web&vjs=3
Turkish Linguist M722,Anzu Global,United States,https://www.indeed.com/viewjob?jk=a16d6b4c2f366268&from=web&vjs=3
Financial Analyst,SABRE Analysis,"Orlando, FL",https://www.indeed.com/viewjob?jk=dfa934b81f43a345&from=web&vjs=3
Junior Python Developer,GTS,"New York, NY",https://www.indeed.com/viewjob?jk=f8f068da6dd93fa6&from=web&vjs=3
Developer Intern,Federal Merchants Corp,"Indianapolis, IN",https://www.indeed.com/viewjob?jk=f65e558533f91f71&from=web&vjs=3
Product Quality Scientist,Golden Helix Inc,"Bozeman, MT",https://www.indeed.com/viewjob?jk=e050885140395e2f&from=web&vjs=3
Associate Scientist I/II - Climate Impact and Snow Modeling,University Corporation for Atmospheric Research,"Boulder, CO",https://www.indeed.com/viewjob?jk=2bdc9059ff11eb3f&from=web&vjs=3
Data Scientist,CollegeVine,Remote,https://www.indeed.com/viewjob?jk=dc3427856fb6c5e2&from=web&vjs=3
Associate Scientist- Quantitative Statistical Ecologist,Provivi,Remote,https://www.indeed.com/viewjob?jk=28f8f31a7032d0d9&from=web&vjs=3
Python Consultant,RiVi Consulting Group,"Boston, MA",https://www.indeed.com/viewjob?jk=1c0806013059ddd1&from=web&vjs=3
AWS developer with Python,ConglomerateIT,"Reston, VA",https://www.indeed.com/viewjob?jk=f890226d95e20612&from=web&vjs=3
Data Analyst (Remote),Research Square,"Durham, NC",https://www.indeed.com/viewjob?jk=13ee2ea102f6e449&from=web&vjs=3
QA Engineer,CA-One Tech Cloud Inc,"San Jose, CA",https://www.indeed.com/viewjob?jk=b6954ca3ce4f33af&from=web&vjs=3
Python Developer,1974,"Princeton, NJ",https://www.indeed.com/viewjob?jk=444cb9daa3a208d8&from=web&vjs=3
Data Scientist,Applied Technology & Science (A-T-S),"San Francisco, CA",https://www.indeed.com/viewjob?jk=ba135de96c061c91&from=web&vjs=3
Location Strategy & Operations Analyst,Twilio,Georgia,https://www.indeed.com/viewjob?jk=c9761eef2761f1c5&from=web&vjs=3
IT Associate,Tuff City Records,"New York, NY",https://www.indeed.com/viewjob?jk=1af69db7464eabd2&from=web&vjs=3
Virtual Online Tech Camp Instructor - REMOTE,Lavner Camps,Remote,https://www.indeed.com/viewjob?jk=ea52a48dbe551be5&from=web&vjs=3
Database Administrator,Xyngular,"Lehi, UT",https://www.indeed.com/viewjob?jk=a7de7c0f433e94ae&from=web&vjs=3
Junior Computer Scientist,Applied Research Solutions,"Wright-Patterson AFB, OH",https://www.indeed.com/viewjob?jk=462870cd0c259642&from=web&vjs=3
Software Engineer Intern,Infinia ML,"Durham, NC",https://www.indeed.com/viewjob?jk=3890d062e25da654&from=web&vjs=3
Data Science & Engineering Internship,Superconductive,Remote,https://www.indeed.com/viewjob?jk=861906e4e020728d&from=web&vjs=3
Actuary,State Farm,United States,https://www.indeed.com/viewjob?jk=78200a75fac59e2e&from=web&vjs=3
Full Stack Web Developer,Bear Cognition,"North Charleston, SC",https://www.indeed.com/viewjob?jk=d2cf079287e12077&from=web&vjs=3
Software Engineer - Frontend (Remote),Thirty Madison,"New York, NY",https://www.indeed.com/viewjob?jk=7dc70835dbdace15&from=web&vjs=3
"Analyst, Supply Chain Planning",HelloFresh,"New York, NY",https://www.indeed.com/viewjob?jk=75691e3c0627c6ec&from=web&vjs=3
Entry Level Scala and Python Developer,Cognizant Technology Solutions,"Wilmington, DE",https://www.indeed.com/viewjob?jk=a85dbca41bac0717&from=web&vjs=3
System Administrator (Windows),Google,"Seattle, WA",https://www.indeed.com/viewjob?jk=b9bd6ac69a81bd13&from=web&vjs=3
SAS Developer with Python,Lexinsight Inc,"McLean, VA",https://www.indeed.com/viewjob?jk=359da77c77fabcf9&from=web&vjs=3
Health Data Analyst,Verana Health,"San Francisco, CA",https://www.indeed.com/viewjob?jk=673f8480ce3ab71c&from=web&vjs=3
Python-Developers,Celandyne Software Solutions,"Santa Clara, CA",https://www.indeed.com/viewjob?jk=e004e922fdd74fe6&from=web&vjs=3
"Manager, FP&A – Long-Range Planning, LTV",Spotify,"New York, NY",https://www.indeed.com/viewjob?jk=00852c62a91c8599&from=web&vjs=3
Quantitative Data Analyst,Racon Capital Partners,"Milwaukee, WI",https://www.indeed.com/viewjob?jk=304755808dd5934d&from=web&vjs=3
Business Intelligence Analyst,Radian,"Franklin, TN",https://www.indeed.com/viewjob?jk=eefe6fc1b8afcf63&from=web&vjs=3
Software Engineer,Avellino Lab,"Menlo Park, CA",https://www.indeed.com/viewjob?jk=602dc946e80195b3&from=web&vjs=3
Frontend Engineer,Teampay,"New York, NY",https://www.indeed.com/viewjob?jk=c8541e9d56a1ddad&from=web&vjs=3
Jr. Consultant,Nutanix,"Madison, WI",https://www.indeed.com/viewjob?jk=b0fc53f80ecd649b&from=web&vjs=3
Back-End Python Developer - GitPrime,Pluralsight,Colorado,https://www.indeed.com/viewjob?jk=a1abf6435924c5a1&from=web&vjs=3
Junior QA Developer,Axoni,"New York, NY",https://www.indeed.com/viewjob?jk=db6f856b92e8f493&from=web&vjs=3
Associate Data Scientist I/II,"BioFire Diagnostics, LLC.","Salt Lake City, UT",https://www.indeed.com/viewjob?jk=5003d76cd551e4c3&from=web&vjs=3
Air Quality Emissions/Modeler,Sonoma Technology,"Petaluma, CA",https://www.indeed.com/viewjob?jk=8b16e0aba85f5eac&from=web&vjs=3
Junior DevOps Engineer,Alarm.com,"Liberty Lake, WA",https://www.indeed.com/viewjob?jk=7df11873100306f2&from=web&vjs=3
System Analyst II or III in Center for Survey Statistics and Methodology,Iowa State University,"Ames, IA",https://www.indeed.com/viewjob?jk=df3df374edaf58e1&from=web&vjs=3
Data Scientist,LendingClub,"San Francisco, CA",https://www.indeed.com/viewjob?jk=664878b22b83448c&from=web&vjs=3
Associate Software Engineer,Spire Collective,"Troy, VA",https://www.indeed.com/viewjob?jk=5d10aa436f9e61e1&from=web&vjs=3
Jr. Software Developer,Verus Analytics LLC,"Diamond Bar, CA",https://www.indeed.com/viewjob?jk=b32ea183afa414d4&from=web&vjs=3
Full Stack Java Developer,ADG Tech Consulting,"Washington, DC",https://www.indeed.com/viewjob?jk=6cd3be009449b737&from=web&vjs=3
BI Developer,Callisto Media,"San Francisco, CA",https://www.indeed.com/viewjob?jk=e91b64bfa4a4d08d&from=web&vjs=3
Python Programmer Instructor,"SAM Consulting Services, Inc.","New York, NY",https://www.indeed.com/viewjob?jk=92441b01fbfb4df6&from=web&vjs=3
Conversion Developer CIS,"Tyler Technologies, Inc.","Sioux Falls, SD",https://www.indeed.com/viewjob?jk=f1f8faa9db18f643&from=web&vjs=3
Entry Level - Software Developer,Smoothstack Inc,"Fairfax, VA",https://www.indeed.com/viewjob?jk=e49f6527e777a4a3&from=web&vjs=3
Online Instructor,Coding with Kids,"Seattle, WA",https://www.indeed.com/viewjob?jk=3e8cde65fa7ab57d&from=web&vjs=3
Robotic Process Automation Developer - B&A (Open to Remote),American Family Insurance,"Madison, WI",https://www.indeed.com/viewjob?jk=f3c37e198e13c48b&from=web&vjs=3
Entry Level Systems Engineer,SpaceWorks Enterprises,"Atlanta, GA",https://www.indeed.com/viewjob?jk=205b18425f94484b&from=web&vjs=3
Data Scientist,IDology,"Atlanta, GA",https://www.indeed.com/viewjob?jk=808ff902d6b7bfb1&from=web&vjs=3
Data Scientist,Social Sentinel,"Burlington, VT",https://www.indeed.com/viewjob?jk=c1fea22b19426c06&from=web&vjs=3
Java Developer,GSB,"Silicon Valley, CA",https://www.indeed.com/viewjob?jk=0ff74ea22c2c4288&from=web&vjs=3
Software Engineer,Telaria,"New York, NY",https://www.indeed.com/viewjob?jk=5a172d5c14f75c20&from=web&vjs=3
Application Security Analyst,AE Business Solutions,"Waterloo, IA",https://www.indeed.com/viewjob?jk=5f6b7caa6ae23d68&from=web&vjs=3
"Software Engineer – C/C++, Python, SQL",Geologics Corporation,"Indianapolis, IN",https://www.indeed.com/viewjob?jk=f8d3ea32452a1437&from=web&vjs=3
Software Developer Intern,Booz Allen Hamilton,"Dover, NJ",https://www.indeed.com/viewjob?jk=fcc5b4793b49c729&from=web&vjs=3
Software Tools Development Engineer - 3353,Tata Technologies Inc.,"Saline, MI",https://www.indeed.com/viewjob?jk=1ce5a489db82ddb1&from=web&vjs=3
Senior Network Systems Engineer,IT Solutions,"North Liberty, IA",https://www.indeed.com/viewjob?jk=84f0f8485cfabe0d&from=web&vjs=3
Python Developer,Systemonex INC,"New York, NY",https://www.indeed.com/viewjob?jk=261a6748688d29d6&from=web&vjs=3
Software Applications Developer,Woodland Scenics,"Linn Creek, MO",https://www.indeed.com/viewjob?jk=5d920c797133200a&from=web&vjs=3
Senior Python Developer,eMoney Advisor,Remote,https://www.indeed.com/viewjob?jk=b59a2281d58eefdf&from=web&vjs=3
CNO Developer (C++ and Python),ManTech International Corporation,"Aurora, CO",https://www.indeed.com/viewjob?jk=de6ed36d5fcaf43a&from=web&vjs=3
OCR Programmer,"Fulfillment Distribution Center, Inc.","Saint Cloud, MN",https://www.indeed.com/viewjob?jk=5358950b7214e694&from=web&vjs=3
Full Stack Software Engineer,Retail Aware,"Omaha, NE",https://www.indeed.com/viewjob?jk=71cd70c44e37d677&from=web&vjs=3
Senior Embedded Engineer,AGI Suretrack,"Kansas City, MO",https://www.indeed.com/viewjob?jk=490a2918304fe01a&from=web&vjs=3
Junior Software Developer,Fehu Software Devlopment,"Los Angeles, CA",https://www.indeed.com/viewjob?jk=d78439ee20cee9bb&from=web&vjs=3
PHP Developer,Cogent Infotech,"Omaha, NE",https://www.indeed.com/viewjob?jk=d28d1f54d99830e4&from=web&vjs=3
Python developer,Ace-stack LLC,"Houston, TX",https://www.indeed.com/viewjob?jk=0c34c27b60a5c923&from=web&vjs=3
Research Scientist,Symbrosia Inc,"Kailua-Kona, HI",https://www.indeed.com/viewjob?jk=960101d960a39d4d&from=web&vjs=3
Python/Spark Developer,iknowvate technologies,"Eden Prairie, MN",https://www.indeed.com/viewjob?jk=5dee3c83d60f3f95&from=web&vjs=3
Marketing Data Scientist,Physicians Mutual,"Omaha, NE",https://www.indeed.com/viewjob?jk=7272f822d5763fc7&from=web&vjs=3
science tutor for 6th grade,renstudy.com,"Redmond, WA",https://www.indeed.com/viewjob?jk=e907a0ebc7813820&from=web&vjs=3
Python developer,RiVi Consulting Group,"Alpharetta, GA",https://www.indeed.com/viewjob?jk=2f4a8dc24f721476&from=web&vjs=3
Numerical Weather Prediction Specialist I,"Science System and Applications, Inc.","Omaha, NE",https://www.indeed.com/viewjob?jk=3eb6010108e8f583&from=web&vjs=3
"Data Scientist, Analytics, Intern",Facebook,"Menlo Park, CA",https://www.indeed.com/viewjob?jk=e4d63483f6e4d8d6&from=web&vjs=3
Software Development Intern,Republic Wireless,North Carolina,https://www.indeed.com/viewjob?jk=1be6b31849cb17e5&from=web&vjs=3
Python Developers,Kynite,"Fargo, ND",https://www.indeed.com/viewjob?jk=224481bea6e336bf&from=web&vjs=3
Python Developer,NextGenITSupport,"San Jose, CA",https://www.indeed.com/viewjob?jk=c6ec98a5448a683b&from=web&vjs=3
Character Modeler,Walt Disney Animation Studios,"Burbank, CA",https://www.indeed.com/viewjob?jk=ae75713c377e9968&from=web&vjs=3
Data Scientist (Entry Level),Strike Social,"Chicago, IL",https://www.indeed.com/viewjob?jk=2d004e108630a1c6&from=web&vjs=3
Content Creator,LeetCode,Remote,https://www.indeed.com/viewjob?jk=e94af63cb41ad9b5&from=web&vjs=3
Python Scripting-Engineer,Wipro Limited,"Santa Clara, CA",https://www.indeed.com/viewjob?jk=a455636d6d12b8f9&from=web&vjs=3
Python Developer,NextGenITSupport,"San Jose, CA",https://www.indeed.com/viewjob?jk=c6ec98a5448a683b&from=web&vjs=3
Junior Python Developer,AllianceBernstein,"Nashville, TN",https://www.indeed.com/viewjob?jk=3ce7930d5d052e18&from=web&vjs=3
Remote Fullstack Developer (Python/Django + React),Jonajo Consulting,"Palo Alto, CA",https://www.indeed.com/viewjob?jk=b475e985265f6137&from=web&vjs=3
"Analyst, Sales & Delivery Operations",Tesla,"Fremont, CA",https://www.indeed.com/viewjob?jk=e355a6f52ac5a773&from=web&vjs=3
Python developer,RiVi Consulting Group,"Alpharetta, GA",https://www.indeed.com/viewjob?jk=2f4a8dc24f721476&from=web&vjs=3
DATABRICKS ENGINEER,Intellisoft Technologies,"Irving, TX",https://www.indeed.com/viewjob?jk=3955c287778bfd4e&from=web&vjs=3
Penetration Testing Trainee (Remote USA),BreachLock,"Florida, NY",https://www.indeed.com/viewjob?jk=487b30db63184515&from=web&vjs=3
"Software Engineer, Intern/Co-op",Facebook,"Sausalito, CA",https://www.indeed.com/viewjob?jk=be563c142bf3913c&from=web&vjs=3
Associate Analyst - Analytics,Barkley,"Kansas City, MO",https://www.indeed.com/viewjob?jk=c35a96cc304ce5ff&from=web&vjs=3
Java/Python Developer,BuzzClan LLC,"Baltimore, MD",https://www.indeed.com/viewjob?jk=d1b6cd956c36c37f&from=web&vjs=3
Python/Spark Developer,iknowvate technologies,"Eden Prairie, MN",https://www.indeed.com/viewjob?jk=5dee3c83d60f3f95&from=web&vjs=3
Data Analytics Intern,The Bronx Defenders,"Bronx, NY",https://www.indeed.com/viewjob?jk=ad3d472eb297ee83&from=web&vjs=3
Python developer,VAUXOO,"Colima, GA",https://www.indeed.com/viewjob?jk=f7669fcbd77ecd11&from=web&vjs=3
Data Analyst,Brickred,"Redmond, WA",https://www.indeed.com/viewjob?jk=1b9da82202f32218&from=web&vjs=3
Investment Officer,Virginia VA Retirement System,"Richmond, VA",https://www.indeed.com/viewjob?jk=81847ec727b95f39&from=web&vjs=3
BI Analyst,Piper Companies,"Saratoga Springs, UT",https://www.indeed.com/viewjob?jk=1823663846526d82&from=web&vjs=3
Software Developer III - Python,Charles Schwab Inc.,"Phoenix, AZ",https://www.indeed.com/viewjob?jk=814ce07c6247ef55&from=web&vjs=3
Healthcare Data/Reporting Analyst,Ace-stack LLC,"New York, NY",https://www.indeed.com/viewjob?jk=5622723d2b09fd30&from=web&vjs=3
Chemical Exposure Modeling Scientist,U.S. Environmental Protection Agency (EPA),"Research Triangle Park, NC",https://www.indeed.com/viewjob?jk=db075673e1645e4d&from=web&vjs=3
"Analyst, Data Analytics",Informa,"Atlanta, GA",https://www.indeed.com/viewjob?jk=a12973e99a10953a&from=web&vjs=3
"Demand Planner, Sales Forecasting",Tesla,"Fremont, CA",https://www.indeed.com/viewjob?jk=edb58d67e856cf61&from=web&vjs=3
QA Engineer,The Beneficient Company Group USA LLC,"Dallas, TX",https://www.indeed.com/viewjob?jk=14a1dd2b6bdbc479&from=web&vjs=3
Python/Django Developer,Dropified,Remote,https://www.indeed.com/viewjob?jk=a90eda3798d2bf16&from=web&vjs=3
Software Engineer I,"Grubhub Holdings, Inc.","New York, NY",https://www.indeed.com/viewjob?jk=752aa3cc33fcebd8&from=web&vjs=3
Associate RPA Developer,Sunrun,"Denver, CO",https://www.indeed.com/viewjob?jk=e60f2e080cc31339&from=web&vjs=3
"Manager, Robotics Support & Infrastructure",Warner Bros. Entertainment Group,"Burbank, CA",https://www.indeed.com/viewjob?jk=f2f3a684d5ad7e1e&from=web&vjs=3
Software Engineers,PassionHR,"Birmingham, AL",https://www.indeed.com/viewjob?jk=6392d0ca66f2a10a&from=web&vjs=3
Selenium-Python QA Analyst Instructor,"SAM Consulting Services, Inc.","New York, NY",https://www.indeed.com/viewjob?jk=2316c04401cb03c4&from=web&vjs=3
Staff Software Engineer,SameGoal Inc,"Madison, WI",https://www.indeed.com/viewjob?jk=5c395a4a50fea86b&from=web&vjs=3
Operations Analyst; Basketball Strategy & Research,Phoenix Suns / Sports & Entertainment Services/Pho...,"Phoenix, AZ",https://www.indeed.com/viewjob?jk=1ba8a3c1013313b3&from=web&vjs=3
Software Developer,Cyracom International Inc,"Tucson, AZ",https://www.indeed.com/viewjob?jk=8dd11015a62af0de&from=web&vjs=3
Data Analyst,eHana,"Boston, MA",https://www.indeed.com/viewjob?jk=bff3ef53ef253ec0&from=web&vjs=3
"Analyst, Business Operations & Strategy",Yelp,Remote,https://www.indeed.com/viewjob?jk=e890e8bba94a5afd&from=web&vjs=3
"Jr to Mid-Level Business Analyst, SQL",Computer Enterprises Inc.,"Philadelphia, PA",https://www.indeed.com/viewjob?jk=33e0483b8185151e&from=web&vjs=3
Crash Sensing Engineer,Lordstown Motors Corp,"Dearborn, MI",https://www.indeed.com/viewjob?jk=ce478fac2cbc1034&from=web&vjs=3
Operations Analyst; Basketball Strategy & Research,The Phoenix Suns,"Phoenix, AZ",https://www.indeed.com/viewjob?jk=e0a1c6826bf1c261&from=web&vjs=3
Insider Threat Analyst,Fidelity TalentSource,"Durham, NC",https://www.indeed.com/viewjob?jk=85bf302cbdb619ab&from=web&vjs=3
Senior Python Developer,Six Feet Up Inc.,"Fishers, IN",https://www.indeed.com/viewjob?jk=d415983f29b3d543&from=web&vjs=3
Red hat linux system administration-26590-CO,Radiant Digital,"Colorado Springs, CO",https://www.indeed.com/viewjob?jk=459238fb6135cef4&from=web&vjs=3
Data Analyst,Digital dhara,"San Jose, CA",https://www.indeed.com/viewjob?jk=46e22276ab3a93a5&from=web&vjs=3
Content Contributor: Data Science,Codecademy,New York State,https://www.indeed.com/viewjob?jk=4376c8c660c60538&from=web&vjs=3
Python Engineer,Hostwinds,"Tukwila, WA",https://www.indeed.com/viewjob?jk=aebe88877c44190e&from=web&vjs=3
SRE,Piper Companies,Remote,https://www.indeed.com/viewjob?jk=73aa55bfbcf378fd&from=web&vjs=3
Business Intelligence Engineer,Electronic Arts,"Austin, TX",https://www.indeed.com/viewjob?jk=1d7d2d397db48d1c&from=web&vjs=3
Data Specialist,Penn State University,"Middletown, PA",https://www.indeed.com/viewjob?jk=b435e0f07f1c041e&from=web&vjs=3
Software QA Automation (US),dotData Inc.,"San Mateo, CA",https://www.indeed.com/viewjob?jk=a5a5f60e655d8d33&from=web&vjs=3
Python Developer,Mondo,"King of Prussia, PA",https://www.indeed.com/viewjob?jk=dbcb559df256aaef&from=web&vjs=3
Data Engineer,SIMON Markets LLC,"New York, NY",https://www.indeed.com/viewjob?jk=5cb258771acf10c5&from=web&vjs=3
Junior Software Engineer,Infinia ML,"Durham, NC",https://www.indeed.com/viewjob?jk=8c2d4efb69b206fc&from=web&vjs=3
Data Scientist,XPO Logistics,"High Point, NC",https://www.indeed.com/viewjob?jk=6b80cc787420ac1a&from=web&vjs=3
Quality Assurance Engineer,Amazon.com Services LLC,"Cambridge, MA",https://www.indeed.com/viewjob?jk=7ba6ce3ce9bf0971&from=web&vjs=3
Data Analyst Associate,Northwestern University,"Chicago, IL",https://www.indeed.com/viewjob?jk=57472518717598e0&from=web&vjs=3
Logistics Analyst,Union Tank Car Company (UTLX),"Chicago, IL",https://www.indeed.com/viewjob?jk=64cb47fd72d97367&from=web&vjs=3
Natural Language Processing Intern,Charles River Analytics,"Cambridge, MA",https://www.indeed.com/viewjob?jk=525d27f488f1e6d3&from=web&vjs=3
Intranet Communications Specialist,Red Hat Software,Remote,https://www.indeed.com/viewjob?jk=13349093d57dd502&from=web&vjs=3
CE API Specialist - Americas (Canada & South America),kraken,Remote,https://www.indeed.com/viewjob?jk=a7c4344df4855845&from=web&vjs=3
Back-end Engineer (Python),CartPilot.,"Chicago, IL",https://www.indeed.com/viewjob?jk=b4ac68e9141d6ba7&from=web&vjs=3
REMOTE-Application Architect-10+years,LMR Staffing,"Manhattan, NY",https://www.indeed.com/viewjob?jk=1a9cb975bbc0ce49&from=web&vjs=3
Email Data Optimization Manager,Suited Connector,"Englewood, CO",https://www.indeed.com/viewjob?jk=b03c008dbc2661ab&from=web&vjs=3
Software Engineer,Twitter,"Boulder, CO",https://www.indeed.com/viewjob?jk=7d9cf1f65d98c7d1&from=web&vjs=3
Data Analyst,Ramsey Solutions,"Franklin, TN",https://www.indeed.com/viewjob?jk=f6777d359b35ba3f&from=web&vjs=3
"Software Engineer, Internship",Palantir Technologies,"Palo Alto, CA",https://www.indeed.com/viewjob?jk=c621db2b4097da4a&from=web&vjs=3
Senior Business Data Analyst,Intuit,"Plano, TX",https://www.indeed.com/viewjob?jk=7e252f2ba569af78&from=web&vjs=3
Full Stack / AI Software Engineering Intern,Taste Technologies Inc,"Brooklyn, NY",https://www.indeed.com/viewjob?jk=49aa0e0eb58fa7c2&from=web&vjs=3
Python Developer,Systemonex INC,"New York, NY",https://www.indeed.com/viewjob?jk=261a6748688d29d6&from=web&vjs=3
CNO Developer (C++ and Python),ManTech International Corporation,"Aurora, CO",https://www.indeed.com/viewjob?jk=de6ed36d5fcaf43a&from=web&vjs=3
Senior Backend Developer,Brivo,"Provo, UT",https://www.indeed.com/viewjob?jk=66786b39ae750340&from=web&vjs=3
Senior Python Developer,eMoney Advisor,Remote,https://www.indeed.com/viewjob?jk=b59a2281d58eefdf&from=web&vjs=3
Senior Network Systems Engineer,IT Solutions,"North Liberty, IA",https://www.indeed.com/viewjob?jk=84f0f8485cfabe0d&from=web&vjs=3
Full Stack Software Engineer,Retail Aware,"Omaha, NE",https://www.indeed.com/viewjob?jk=71cd70c44e37d677&from=web&vjs=3
Senior Embedded Engineer,AGI Suretrack,"Kansas City, MO",https://www.indeed.com/viewjob?jk=490a2918304fe01a&from=web&vjs=3
Software Applications Developer,Woodland Scenics,"Linn Creek, MO",https://www.indeed.com/viewjob?jk=5d920c797133200a&from=web&vjs=3
Junior Software Developer,Fehu Software Devlopment,"Los Angeles, CA",https://www.indeed.com/viewjob?jk=d78439ee20cee9bb&from=web&vjs=3
Python Engineer,The Bernard Group,"Chanhassen, MN",https://www.indeed.com/viewjob?jk=a4cd1521bb6136e2&from=web&vjs=3
Data Analyst (Full-time),methinks,"Mountain View, CA",https://www.indeed.com/viewjob?jk=12a8bdcec7f1084d&from=web&vjs=3
ETL Developer - Remote,Bairesdev,"Boston, MA",https://www.indeed.com/viewjob?jk=7099ce32b2ffba2c&from=web&vjs=3
Technical Data Analyst Fellow,Change Research,"San Francisco, CA",https://www.indeed.com/viewjob?jk=5218a1de1f559d42&from=web&vjs=3
"Senior Business Intelligence Engineer (Healthcare, Data Modeling, Transformation, BI development exp. a MUST) Work At Home",Humana,"Louisville, KY",https://www.indeed.com/viewjob?jk=1ad7c2177acd17c3&from=web&vjs=3
Entry Level Physical Scientist,"Signature Science, LLC","Egg Harbor Township, NJ",https://www.indeed.com/viewjob?jk=bbab30537a911605&from=web&vjs=3
Entry-level Software Engineer,HUVR,"Austin, TX",https://www.indeed.com/viewjob?jk=446ae33f885f9e28&from=web&vjs=3
Junior Developer,InnovateEDU,"Brooklyn, NY",https://www.indeed.com/viewjob?jk=cbde4993834aad42&from=web&vjs=3
OPERATIONS MANAGER - EBO TEAM,Lakeview Loan Servicing,Remote,https://www.indeed.com/viewjob?jk=42215806d3783da1&from=web&vjs=3
Medical device - Verification Lead - Automation Testing (Squish OR Python),360 Technology LLC,"Plymouth, MN",https://www.indeed.com/viewjob?jk=3b920a0859fa9b81&from=web&vjs=3
science tutor for 6th grade,renstudy.com,"Redmond, WA",https://www.indeed.com/viewjob?jk=e907a0ebc7813820&from=web&vjs=3
Python Developer with BOA Quartz Platform Experience,Lexinsight Inc,"Newark, DE",https://www.indeed.com/viewjob?jk=4c3ec57dc4d012cc&from=web&vjs=3
Contract QA Engineer,Linden Lab,Remote,https://www.indeed.com/viewjob?jk=6fa290de4c14a4f1&from=web&vjs=3
Software Development Intern,Republic Wireless,North Carolina,https://www.indeed.com/viewjob?jk=1be6b31849cb17e5&from=web&vjs=3
Senior Accountant,Quansight,Remote,https://www.indeed.com/viewjob?jk=ac22cdb23e0db65e&from=web&vjs=3
Data Scientist,Source Enterprises,"New York, NY",https://www.indeed.com/viewjob?jk=1636faa0308fd08f&from=web&vjs=3
AWS python Engineer with Containers,Sqait Inc,"Reston, VA",https://www.indeed.com/viewjob?jk=3cbff144c9aac6ba&from=web&vjs=3
Data Analyst (Full-time),methinks,"Mountain View, CA",https://www.indeed.com/viewjob?jk=12a8bdcec7f1084d&from=web&vjs=3
Python Scripting-Engineer,Wipro Limited,"Santa Clara, CA",https://www.indeed.com/viewjob?jk=a455636d6d12b8f9&from=web&vjs=3
QA Engineer,Mondo,"Houston, TX",https://www.indeed.com/viewjob?jk=54eedae1b31adb05&from=web&vjs=3
Data Analytics Intern,The Bronx Defenders,"Bronx, NY",https://www.indeed.com/viewjob?jk=ad3d472eb297ee83&from=web&vjs=3
P&C Actuarial Analyst Trainee,State Farm,"Bloomington, IL",https://www.indeed.com/viewjob?jk=04aca105284ba0c3&from=web&vjs=3
Software Developer,Inspiren,"Washington, DC",https://www.indeed.com/viewjob?jk=c5a6c6546a1dc2ea&from=web&vjs=3
Software Engineer (All Levels),"Datawire, Inc.","Portland, OR",https://www.indeed.com/viewjob?jk=e63847f7e6b32f41&from=web&vjs=3
Software Engineer Intern,OffWeGo,"Washington, DC",https://www.indeed.com/viewjob?jk=8567dd958a0c1504&from=web&vjs=3
Python Engineer,The Bernard Group,"Chanhassen, MN",https://www.indeed.com/viewjob?jk=a4cd1521bb6136e2&from=web&vjs=3
Contract Data Analyst,Delphi Behavioral Health Group LLC,"Fort Lauderdale, FL",https://www.indeed.com/viewjob?jk=f6026c0fba3166e4&from=web&vjs=3
Senior Python Developer,Frontierpay,Remote,https://www.indeed.com/viewjob?jk=249fd45368894066&from=web&vjs=3
"Analyst, Application Support",VillageMD,"Chicago, IL",https://www.indeed.com/viewjob?jk=4e3d6948cfe5a052&from=web&vjs=3
Vulnerability Assessment Analyst,Netskope,"Omaha, NE",https://www.indeed.com/viewjob?jk=3b6bd4bccfce5a8c&from=web&vjs=3
